xAaren;Beasley;12443219-7;18-09-1956
Abigail;Beasley;14241414-7;10-11-1951
Abigale;Maddox;3779125-3;03-06-1957
Abra;Calderon;8976992-2;13-02-1959
Addia;Rios;17684777-8;20-10-1954
Addie;Owens;18534875-K;13-07-1957
Addy;Schwartz;13898683-7;02-03-1958
Adele;Webster;7208662-7;03-09-1959
Adelice;Nelson;5565496-4;07-09-1959
Adelind;Schneider;9753313-K;04-06-1956
Adiana;Hensley;10635440-5;24-11-1951
Adora;Williams;2174218-K;18-02-1952
Adoree;Norris;4835174-3;14-10-1957
Adriaens;Atkinson;12449224-6;09-01-1956
Adrian;Melton;19903330-1;04-09-1950
Adrianna;William;2449011-4;17-10-1956
Adrianne;Trujillo;1622579-7;10-10-1955
Adriena;Sanders;8887757-8;27-08-1957
Adrienne;Maldonado;15709380-0;23-09-1958
Aeriel;Horton;10681511-9;07-10-1954
Aeriela;Jensen;19274309-5;07-08-1957
Agathe;Jefferson;18484167-3;18-12-1951
Aggi;Holland;1883651-3;21-10-1958
Agnola;Owens;9829666-2;04-11-1953
Aigneis;Yang;9786228-1;05-06-1950
Ailey;Branch;5456647-6;13-03-1959
Ailis;Mckee;8839609-K;28-08-1958
Aime;Black;18749032-4;13-04-1957
Alameda;Potter;14181858-9;16-01-1955
Alana;Little;1828588-6;06-07-1956
Alanna;Britt;11059631-6;23-12-1954
Alayne;Becker;5260579-2;01-02-1958
Alecia;Lara;19319175-4;21-10-1955
Aleda;Collins;6836282-2;19-03-1956
Alejandrina;Levy;13094324-1;04-02-1953
Alexine;Figueroa;10547218-8;23-02-1953
Alfie;Duffy;18672633-2;22-01-1958
Alfreda;Bernard;14399151-2;09-09-1957
Alicea;Ayers;8559152-5;10-07-1952
Alidia;Bullock;6840802-4;17-11-1956
Alika;Raymond;7950151-4;27-04-1956
Alikee;Mooney;13852404-3;06-08-1950
Allene;Collier;9431427-5;20-08-1955
Allison;Valentine;11203547-8;11-07-1954
Alvira;Beasley;8309691-8;23-12-1954
Alysia;Wall;11234961-8;13-06-1951
Amanda;Gentry;6650973-7;20-05-1950
Amelie;Roach;3073534-K;03-01-1958
Amil;Flores;15246592-0;08-09-1959
Amity;Nixon;4014754-3;19-01-1957
Ammamaria;Duke;18197804-K;13-11-1951
Ana;Winters;4305626-3;24-04-1957
Anabella;Petty;18108786-2;07-01-1950
Anallise;Hayden;4882385-8;14-04-1951
Anastasie;Terrell;14742155-9;04-07-1950
Andra;Curry;8732925-9;20-03-1953
Andriana;Velasquez;17901952-3;15-02-1959
Anestassia;Landry;6722220-2;20-05-1954
Angelica;Salinas;16213770-0;15-12-1957
Angelique;Blanco;11214046-8;02-01-1956
AnnaDiana;Allen;18066866-7;09-12-1958
AnnaMaria;Wilkins;6170006-4;23-06-1953
Annadiana;Huffman;6772600-6;06-12-1951
Annadiane;Lawson;19104268-9;20-03-1950
Annalee;Mora;10979870-3;12-05-1956
Annaliese;Pope;13507603-1;28-01-1957
Anne;Boyer;6119205-0;06-07-1953
Anneliese;Boyle;2191508-4;09-07-1959
Annette;Ayala;15467857-3;20-02-1957
Anni;Carpenter;6604692-3;13-03-1958
Annice;García;8780815-7;02-11-1952
Annie;Lowe;11986623-5;18-12-1957
Annora;Neal;8370102-1;07-05-1951
Anstice;Prieto;14946070-5;02-06-1957
Anthiathia;Hickman;12202102-5;15-07-1956
Antonina;Humphrey;1415405-1;12-01-1953
Appolonia;Daniels;2094696-2;19-07-1957
Ardelia;Stephens;17365757-9;04-04-1958
Ardella;Anderson;19803629-3;24-10-1951
Ariana;Green;13525595-5;12-01-1952
Arlee;Ortiz;10986784-5;12-10-1958
Arlen;Carlson;14324633-7;23-02-1953
Arleta;Baxter;3971416-7;13-11-1955
Arlie;Cash;17656689-2;01-12-1957
Arliene;Salas;6403510-K;23-05-1953
Arluene;Tucker;9559242-2;03-07-1957
Arlyne;Whitney;13735952-9;27-10-1958
Ashlan;Santana;4775963-3;09-10-1953
Ashly;Montoro;4257731-6;21-10-1950
Astrid;Sanchez;8281866-9;12-01-1953
Athena;Herrera;14029379-2;19-04-1957
Aubrey;Hood;7004768-3;13-11-1952
Audie;Keith;10847971-K;27-10-1955
Audrie;Blair;4003458-7;12-12-1952
Audrye;Valenzuela;13730304-3;28-03-1957
Augustina;Coleman;5702883-1;25-05-1954
Aurilia;Lambert;3605678-9;09-06-1958
Austin;Clay;7838204-K;10-02-1954
Aveline;Sweet;10873527-9;26-09-1950
Averyl;Petersen;13890274-9;24-09-1953
Avis;Ramos;2286108-5;28-03-1953
Bab;Ford;2094663-6;04-01-1958
Barb;Best;17774450-6;07-09-1952
Barbara;Donaldson;15272908-1;22-02-1959
BarbaraAnne;Stout;17323951-3;19-04-1951
Barbe;Martin;12751656-1;23-08-1956
Barbie;Stevenson;14725175-0;18-06-1958
Barby;Martinez;1280330-3;14-11-1953
Bea;Ferrell;9902935-8;26-10-1958
Beatrice;Mcgowan;12478416-6;14-10-1953
Bel;Wade;13035591-9;02-09-1953
Belicia;Santana;18410326-5;21-06-1951
Bellina;Ratliff;5613377-1;24-05-1950
Bendite;Cabrera;3989102-6;28-03-1955
Benita;Olson;16566915-0;18-03-1953
Bennie;Cole;4554408-7;25-02-1950
Benny;Leach;19919587-5;02-10-1954
Bernardina;Hopper;11275413-K;01-07-1950
Berni;Hall;8555277-5;01-12-1959
Bernita;Osborn;10669983-6;11-07-1954
Berrie;Hampton;8970933-4;10-09-1951
Berte;Cohen;13373823-1;20-11-1959
Bertina;Mckinney;8996196-3;25-08-1952
Beth;Wagner;12871045-0;04-07-1953
Betsy;Patel;11389975-1;04-12-1957
Betteann;Garrison;14734042-7;04-07-1958
Bettine;Page;1090501-K;28-11-1951
Beverie;Kaufman;7505689-3;07-09-1953
Beverley;Bass;19140340-1;11-09-1957
Bibi;Martin;15770159-2;17-07-1951
Biddy;Adams;3877129-9;08-03-1956
Billi;Cantrell;4321933-2;10-08-1957
Billie;Hooper;2548583-1;20-11-1958
Billye;Dickerson;5787098-2;17-12-1951
Bird;Forbes;16818602-9;23-06-1954
Blair;Guthrie;17714375-8;15-03-1956
Blaire;Gutierrez;16021531-3;04-02-1951
Blanca;Horn;1340889-0;21-12-1955
Blanch;Sims;4821997-7;07-02-1959
Blanche;Gates;7866833-4;23-01-1950
Blinny;Cardenas;4983842-5;02-03-1954
Blondelle;Chang;18912100-8;13-12-1956
Blythe;Goff;19599666-0;18-03-1951
Bobbee;Vincent;2800644-6;01-08-1955
Bobina;Moran;9976937-8;06-11-1958
Bonnee;Joyce;18683514-K;21-02-1956
Bonni;Griffin;3450819-4;26-10-1952
Bonnibelle;Lozano;7470467-0;07-10-1958
Bonnie;Dickerson;1023547-2;26-10-1955
Brandie;Mendez;2063524-K;17-11-1957
Breanne;Harrison;18495928-3;17-04-1958
Brianne;Bradford;15845096-8;28-03-1950
Brigida;Andrews;4528851-K;14-02-1950
Brigitta;Pierce;8686004-K;03-12-1952
Brigitte;Osborne;3876223-0;19-07-1957
Briny;Hicks;7386859-9;03-04-1956
Brynne;Rodgers;16982988-8;24-03-1955
Bunni;Finley;3436542-3;26-08-1954
Bunny;House;18595140-5;24-03-1959
Cacilie;Cobb;18877104-1;24-09-1955
Cairistiona;Pierce;4553953-9;14-11-1954
Caitlin;Woods;16801655-7;10-02-1956
Calla;Barton;10193122-6;01-02-1950
Cally;Lynn;12892954-1;20-03-1950
Cam;Fletcher;2505282-K;28-08-1958
Cami;Lyons;2856010-9;21-08-1950
Camila;Sellers;2605463-K;08-10-1951
Candace;Miranda;8820494-8;24-07-1958
Candida;Langley;9550835-9;20-03-1957
Carena;Wallace;17692205-2;13-04-1959
Carilyn;Shepard;3865851-4;22-02-1950
Cariotta;Rosales;3778876-7;17-11-1952
Carlee;Thompson;3177387-3;19-07-1957
Carlita;Ayala;16474470-1;28-03-1958
Carlotta;Lamb;1693127-6;15-07-1955
Carlynne;Ramsey;5985162-4;09-03-1955
Carmella;Roberson;15240094-2;01-03-1953
Carolina;Jennings;18786251-5;16-11-1952
Carolyn;Barker;15086299-K;24-10-1956
Carolynn;Nicholson;6493075-3;11-02-1953
Carroll;Gutierrez;9199074-1;24-11-1952
Caryn;Perez;9426447-2;28-01-1956
Casey;Donaldson;18813132-8;25-04-1951
Cass;Vaughn;5953036-4;20-01-1957
Cassie;Forbes;12245326-K;25-12-1952
Caterina;Hamilton;2893325-8;16-12-1950
Cathee;Benítez;16056672-8;18-07-1954
Catherin;Fleming;8583294-8;15-08-1954
Catrina;Lynch;5563481-5;25-01-1951
Celie;Howe;3959375-0;14-11-1951
Celinda;Holt;8506372-3;03-01-1953
Celle;Sears;2187444-2;17-09-1955
Cesya;Fry;10541713-6;27-10-1954
Chad;Morton;6060823-7;14-02-1953
Chandra;Shaw;18572944-3;16-08-1957
Chantalle;Clay;8111604-0;10-03-1951
Charil;Compton;17603021-6;13-05-1958
Charline;Crosby;19446305-7;08-08-1954
Charlot;Campos;11673113-4;16-02-1956
Charlotta;Moon;12899673-7;12-11-1954
Charyl;Gutierrez;10132245-9;09-08-1958
Chelsie;Callahan;9685017-4;13-03-1959
Chelsy;Weeks;16080714-8;27-02-1953
Cherilyn;Meyer;1297524-4;08-05-1950
Cherise;Farmer;8921452-1;20-06-1954
Cherrita;Méndez;19806130-1;26-10-1957
Chiarra;Chan;11306029-8;26-05-1950
Chiquia;Haney;19161603-0;22-06-1953
Chloris;Justice;1861650-5;16-04-1958
Chris;Guerra;11019310-6;04-05-1955
Christabella;Valdez;18809925-4;21-08-1959
Christalle;Foster;1492204-0;25-01-1958
Christiana;Everett;3880882-6;03-01-1951
Christiane;Mejia;17773898-0;09-04-1958
Christie;Conrad;13941608-2;21-04-1954
Christine;Eaton;12608866-3;12-01-1954
Christy;Jackson;14785409-9;22-03-1958
Chrystal;Fry;13678573-7;28-03-1951
Chrystel;Vega;2705652-0;10-06-1956
Ciel;Carson;19247474-4;28-07-1951
Cilka;Ortiz;11858302-7;03-11-1956
Cinderella;Freeman;1999992-0;02-01-1951
Cindi;Knox;1825587-1;07-03-1954
Cindie;Hickman;8966444-6;16-02-1957
Cindra;William;6450993-4;26-02-1954
Clare;Barber;11869208-K;04-01-1954
Clari;Herrera;3179063-8;02-05-1953
Clarissa;Oneil;9053498-K;09-08-1952
Claudine;Álvarez;17052606-6;02-12-1950
Clementina;Burke;15496085-6;23-01-1953
Clotilda;Weiss;9192992-9;17-01-1958
Clovis;Soto;5837333-8;18-08-1957
Colleen;Robinson;9104423-4;02-10-1955
Collete;Garrett;9095906-9;02-10-1958
Consuela;Vidal;11577439-5;22-01-1958
Cookie;Parker;6746546-6;02-10-1956
Corabella;Mcintyre;3177711-9;11-10-1950
Coralie;Hamilton;6785402-0;18-02-1959
Cordi;Pollard;11789319-7;18-09-1957
Corette;English;7347653-4;27-09-1957
Cori;Mercer;6911990-5;26-11-1957
Corie;Gomez;2178968-2;02-12-1957
Corinna;Fernandez;17328110-2;13-07-1957
Corinne;Cantrell;16478877-6;22-08-1954
Corliss;Glass;1179353-3;11-05-1953
Corly;Sosa;5290892-2;24-02-1956
Cornelia;Benítez;9591868-9;21-04-1959
Cornelle;Hart;2928420-2;22-09-1950
Cornie;Mcleod;19126027-9;18-06-1950
Correna;Edwards;14405052-5;08-10-1952
Corri;Allen;1520579-2;08-08-1950
Corrine;Mccullough;11278062-9;11-12-1956
Courtney;Horne;6494925-K;11-06-1957
Crissie;Bauer;8197611-2;24-07-1958
Cristal;Vaughan;14216705-0;21-02-1955
Cristi;Bean;13669050-7;18-07-1954
Cristie;Kane;1227790-3;22-08-1955
Cristionna;Daniel;16129061-0;27-07-1956
Cynthie;Charles;8079869-5;02-10-1953
Dael;Mcmahon;11177869-8;27-07-1954
Daffi;Welch;14255388-0;09-02-1953
Daffy;Nolan;11707342-4;26-06-1951
Daisy;Dean;19043049-9;05-06-1959
Dalenna;Callahan;14108053-9;24-03-1956
Dallas;Mullins;19448164-0;18-08-1950
Damita;Spears;19643116-0;05-04-1957
Dana;Curtis;4348000-6;28-06-1957
Daniela;Marks;9390468-0;15-06-1950
Daniele;Mooney;17711677-7;18-08-1954
Danita;Atkinson;1235247-6;18-05-1953
Danny;Whitney;16836531-4;07-01-1950
Daphne;Leblanc;16257696-8;04-11-1956
Dara;Mcgowan;6441422-4;08-04-1959
Darci;Slater;16634679-7;27-10-1952
Dareen;Vincent;9288815-0;19-03-1956
Darelle;Benton;2191433-9;01-09-1958
Darlene;Kelley;1826362-9;28-02-1959
Darlleen;Silva;7360175-4;17-06-1956
Daron;Lowe;14506206-3;14-07-1955
Daune;Wilkins;11248268-7;05-03-1952
Davida;Howell;2119590-1;20-10-1958
Deane;Barton;16133740-4;02-12-1957
Deb;Riddle;4352641-3;24-07-1951
Dede;Franks;19148447-9;24-11-1957
Dehlia;Welch;17592934-7;16-05-1957
Delcina;Justice;19679042-K;23-12-1952
Delcine;Franco;4657604-7;16-09-1954
Della;Brooks;17410879-K;23-06-1958
Deloris;Compton;3209162-8;01-04-1956
Delphinia;Hahn;18549125-0;10-10-1952
Demetris;Kinney;3161366-3;18-03-1953
Denni;Robinson;17844983-4;10-03-1954
Denyse;Andrews;3601880-1;28-09-1959
Devina;Bonner;1386018-1;12-08-1950
Devonne;Frank;18051613-1;04-08-1958
Di;Beard;19239960-2;27-10-1951
Diana;Stewart;12336612-3;25-04-1954
Dianemarie;Carroll;13191281-1;17-07-1953
Dianne;Cain;10418797-8;02-01-1956
Dido;Frazier;10375017-2;10-09-1950
Dierdre;Dotson;4343187-0;23-09-1956
Dina;Carr;18411866-1;02-05-1951
Dinnie;Pittman;1798308-3;22-06-1951
Dix;Campos;6397809-4;03-09-1953
Dolley;Márquez;13428302-5;14-01-1958
Dolores;Frank;14530957-3;18-01-1954
Dolorita;Stafford;1264841-3;13-11-1955
Domini;Santana;5288881-6;25-04-1957
Dominica;Porter;13308787-7;21-01-1953
Dominique;Nixon;2891830-5;10-04-1953
Dona;Hodge;11800119-2;18-04-1954
Donetta;Wong;18023314-8;27-06-1958
Donica;Mcleod;12130848-7;10-05-1956
Donnie;Clay;14083640-0;02-02-1953
Doralia;Carey;12853832-1;13-10-1955
Dorella;Richmond;10214635-2;19-11-1957
Doretta;Michael;19004861-6;27-08-1958
Doris;Craig;17162632-3;25-08-1954
Dorisa;Ewing;13960339-7;14-07-1957
Dorotea;Oneill;1501935-2;21-09-1952
Doroteya;Whitehead;1155057-6;03-05-1954
Dorothee;Cameron;1555864-4;07-07-1954
Dorrie;Stein;2821247-K;23-03-1959
Dorris;Barlow;16505543-8;24-05-1950
Dottie;Rivas;8325161-1;19-05-1957
Dotty;Eaton;16561714-2;26-08-1952
Druci;Villarreal;3049841-0;13-10-1950
Drucie;Vazquez;5236518-K;10-02-1955
Drusi;Green;4752258-7;10-07-1951
Dulcia;Bruce;4916039-9;04-05-1954
Dulciana;Ramsey;14202187-0;25-11-1955
Dulcine;Cunningham;1343031-4;28-08-1953
Dusty;Dyer;16932933-8;06-12-1957
Dyanne;Morris;9753516-7;09-01-1951
Ealasaid;Irwin;6931203-9;26-02-1951
Edeline;Pollard;14301036-8;25-06-1959
Edita;Obrien;10503522-5;13-10-1954
Ediva;Diaz;2169666-8;24-02-1958
Eilis;Frazier;4641154-4;25-01-1955
Elane;Morales;12552704-3;17-03-1954
Elbertine;Sheppard;8757958-1;24-10-1954
Eleen;Parsons;13394430-3;25-12-1956
Eleonore;Thornton;9882234-8;07-09-1959
Elianore;Frye;3125801-4;23-05-1955
Elie;Cortez;16512321-2;08-01-1957
Elisa;Reese;3920925-K;22-08-1950
Elisabet;Lott;19134171-6;04-12-1957
Elisha;Shepherd;14100078-0;15-01-1953
Elli;Phelps;10386381-3;21-10-1959
Elmira;Jiménez;8045475-9;25-06-1958
Eloise;López;1491718-7;20-12-1952
Else;Hernández;15174504-0;08-07-1955
Elset;Alonso;7025035-7;24-08-1952
Elspeth;Christian;1746896-0;05-07-1954
Elvina;Holland;5958972-5;04-06-1957
Elyn;Gilmore;5591356-0;27-08-1953
Em;Maxwell;8845432-4;28-12-1956
Emily;Riley;11684674-8;09-11-1955
Emmalyn;Rojas;4648987-K;04-10-1952
Engracia;Newton;12144604-9;02-11-1950
Enrica;Sandoval;8178466-3;01-03-1953
Eran;Goodman;6637132-8;17-10-1951
Erinn;Goff;6296644-0;11-12-1959
Ertha;Cole;7386953-6;01-07-1955
Eryn;Norman;3195705-2;23-09-1955
Esma;Travis;6021574-K;13-05-1954
Essy;Hayes;13973080-1;04-01-1956
Ethyl;Martin;13984449-1;19-03-1954
Etti;Foley;10410184-4;24-04-1959
Ettie;Baldwin;18037735-2;02-10-1950
Eugine;Navarro;5363658-6;20-12-1950
Eula;Howe;19518291-4;16-09-1952
Eunice;Strickland;7794555-5;06-08-1954
Evangeline;Meyers;18537920-5;17-04-1957
Evvy;Booker;18376274-5;15-08-1952
Evy;Mcfadden;13321946-3;13-08-1954
Fanchon;Aguirre;16411886-K;28-11-1951
Fanni;Goodwin;14845690-9;01-12-1958
Fanny;Brock;1454651-0;14-10-1956
Farrand;Buchanan;19991182-1;27-08-1951
Fawnia;Frank;8661505-3;23-03-1956
Fay;Mann;11949929-1;01-11-1958
Fayina;Cummings;19475105-2;17-03-1952
Felice;Delgado;1497318-4;17-05-1950
Felipa;Hale;9624314-6;20-08-1952
Fenelia;Hernández;10502608-0;13-07-1951
Fernanda;Romero;5824566-6;23-07-1957
Fernande;Warren;2090490-9;05-02-1950
Ferne;Reid;1173759-5;18-05-1951
Fifi;Ortiz;1771409-0;28-01-1954
Fifine;Atkins;17362679-7;02-12-1952
Filippa;Lindsey;6837719-6;10-01-1955
Fina;Herring;3552916-0;28-01-1951
Fleurette;Waller;3075804-8;25-01-1951
Florella;Mccormick;3538965-2;20-06-1951
Florette;Lambert;3129799-0;13-05-1958
Flossie;Santana;16802485-1;21-05-1957
Fran;Rodgers;15658767-2;15-05-1953
Francesca;Hunter;9332744-6;04-11-1953
Fredericka;Campos;10846634-0;05-01-1952
Frederique;Morrison;10133444-9;21-09-1956
Frieda;Wiggins;13114029-0;26-06-1955
Gabbie;Luna;9515092-6;11-06-1957
Gabriel;Bowen;10409614-K;11-09-1957
Garnet;Head;3523120-K;23-05-1956
Gay;Frederick;12402869-8;16-10-1953
Gaye;Dyer;4541569-4;15-10-1950
Gelya;Odonnell;18294986-8;02-06-1956
Gena;Hurst;16212350-5;09-01-1952
Genvieve;Newton;4562228-2;15-09-1956
Geraldine;Valenzuela;1004027-2;13-04-1951
Gerhardine;Giles;9554620-K;07-02-1959
Gerladina;Clarke;8575256-1;12-01-1951
Germana;Bradshaw;1513958-7;20-11-1953
Gerrilee;Castaneda;12003848-6;28-12-1955
Gert;Ayers;9131489-4;13-05-1958
Gerty;Bender;14846151-1;12-07-1953
Gigi;Sanz;1238009-7;08-01-1959
Gilbertina;Snow;13878579-3;24-01-1958
Gilda;Mcmahon;13330582-3;14-11-1955
Gilemette;Bush;10572425-K;18-05-1952
Gilly;Ware;13054475-4;17-07-1959
Ginger;Vicente;8555144-2;03-11-1954
Gipsy;Stanley;15377682-2;05-11-1953
Giralda;Evans;1244754-K;03-06-1955
Gisele;Parsons;12824576-6;25-02-1957
Giulietta;Hernández;15229208-2;27-06-1959
Gladi;Schwartz;3789765-5;10-02-1953
Gladys;Charles;8226554-6;03-05-1959
Glori;Dorsey;2039025-5;12-06-1959
Glynis;Hodge;8872811-4;18-07-1951
Glynnis;Owen;8164181-1;11-06-1950
Godiva;Bruce;3070873-3;21-05-1957
Golda;Dunn;11020956-8;25-05-1951
Goldi;Figueroa;19735821-1;09-05-1959
Goldina;Wall;10618908-0;12-08-1957
Gracie;Jenkins;19390653-2;01-02-1952
Grata;Rodriquez;10212867-2;01-12-1950
Gray;Osborne;5779019-9;23-06-1952
Grayce;Moss;9317243-4;23-07-1955
Grissel;Freeman;15660198-5;05-06-1954
Guillemette;Snow;17904724-1;21-11-1950
Guinevere;Byers;14759798-3;21-03-1950
Guinna;Yang;11892774-5;25-08-1951
Gussie;Boone;17722482-0;28-05-1957
Gwenette;Stuart;3978238-3;19-07-1954
Gwennie;Barron;14910005-9;12-09-1950
Gwenore;Harvey;5228931-9;14-09-1953
Gypsy;Clark;1248905-6;23-12-1950
Haley;Nieto;10675887-5;01-03-1954
Hali;Alexander;5076990-9;26-12-1957
Halli;England;2337183-9;27-02-1953
Hanni;Hull;19328447-7;13-08-1955
Hannie;Wallace;8484862-K;12-11-1957
Harli;Ferguson;4280313-8;08-01-1950
Harlie;Keith;17261536-8;05-06-1956
Harrietta;Green;13373844-4;07-11-1958
Hattie;Witt;19404523-9;22-08-1958
Hatty;Pope;5867320-K;01-10-1958
Heath;Massey;19987072-6;24-04-1956
Hedi;Daniel;11117563-2;18-03-1956
Hedvig;Moreno;5009669-6;27-05-1955
Helaina;Church;2376081-9;23-06-1957
HelenElizabeth;Vaughn;15103945-6;16-04-1951
Helga;Vega;4888641-8;05-11-1953
Helge;Carney;3726229-3;15-08-1953
Henrieta;Buckley;10581244-2;10-12-1953
Henryetta;Swanson;1082153-3;21-06-1955
Hermina;Alston;13486211-4;06-12-1957
Herta;Becker;13212363-2;06-04-1951
Hetty;Oneil;7492160-4;10-10-1957
Hilary;Ballard;14159063-4;02-05-1955
Hilde;García;17979225-7;22-01-1957
Hildegaard;Carr;10461558-9;27-11-1953
Hildegarde;Bauer;13406289-4;09-07-1957
Holli;Mays;3496592-7;11-09-1959
Hollie;Elliott;4967583-6;13-04-1959
Hollyanne;Preston;8917652-2;13-05-1955
Honor;Hodge;12644404-4;20-07-1950
Hortense;James;13948818-0;06-12-1954
Ida;Powell;3005497-0;14-10-1950
Ilene;Aguirre;7195691-1;17-07-1950
Ilse;Powell;19325341-5;25-01-1953
Ilyse;Rey;5799498-3;14-08-1950
Ilyssa;Wolf;12939591-5;09-07-1955
Ines;Velasquez;7822155-0;14-08-1951
Ingaberg;Gray;15407202-0;06-01-1954
Inge;Payne;2642385-6;27-08-1950
Inger;Poole;6245472-5;02-04-1959
Iolande;Domínguez;16187805-7;02-08-1957
Ira;Campos;6195391-4;02-07-1958
Irita;Sharp;17638379-8;20-10-1954
Isabelita;Compton;14243363-K;12-12-1955
Isadora;Giles;15393716-8;20-02-1959
Isobel;Moody;13262542-5;23-12-1954
Ivonne;Riddle;15918421-8;15-02-1950
Jacintha;Day;3226485-9;08-06-1952
Jackqueline;Webster;7481486-7;01-11-1951
Jaclin;Aguilar;7705954-7;16-01-1959
Jacqueline;Baldwin;9444233-8;28-07-1951
Jacquette;Núñez;3874142-K;26-03-1952
Jacqui;Randolph;1499862-4;19-10-1950
Jacquie;Alvarado;17256194-2;23-12-1958
Jada;Bailey;14794528-0;16-01-1958
Jade;Perez;14025627-7;28-10-1955
Jana;Mckenzie;5812736-1;12-12-1953
Janaya;Arias;11713409-1;03-06-1955
Jandy;Hunter;6387359-4;18-03-1952
Janeta;Vazquez;2189113-4;09-08-1959
Janeva;Atkins;14889734-4;06-12-1950
Janis;Wise;10118796-9;13-05-1951
Janna;Cline;5492489-5;23-11-1956
Jannel;Ramsey;1877695-2;22-07-1957
Jany;Pena;17818222-6;16-07-1950
Jean;Wynn;17789864-3;01-09-1954
Jeana;Randolph;11224201-5;05-04-1955
Jeanie;Reilly;11302875-0;07-10-1952
Jeanine;Ingram;3163079-7;13-01-1957
Jemima;Goodman;9445246-5;27-06-1959
Jenelle;Merrill;14761322-9;24-09-1958
Jeni;Glover;19739484-6;23-11-1955
Jenine;Duncan;5414970-0;14-04-1950
Jennette;Jimenez;13266929-5;05-07-1959
Jennilee;Austin;6040906-4;05-03-1959
Jeri;Carson;1490246-5;14-01-1959
Jerrie;Bradshaw;15025385-3;15-05-1956
Jesselyn;Fernandez;4600850-2;16-04-1950
Jewell;Tillman;14474367-9;24-10-1953
Jillayne;Mcneil;14710079-5;02-04-1951
Jillie;Johnson;19851362-8;20-07-1952
JoAnne;Porter;15905219-2;07-01-1950
Joanie;Wilcox;1298553-3;03-12-1957
Jojo;Sparks;11488454-5;03-02-1954
Jolene;Barnes;15548651-1;12-09-1955
Joletta;Mcfarland;12228416-6;28-04-1950
Jolyn;Rodríguez;16128085-2;13-05-1957
Jolynn;Matthews;5486424-8;24-05-1957
Josefa;Yang;18072272-6;06-09-1957
Josephina;Hebert;6245144-0;24-11-1958
Josephine;Dickson;7094225-9;10-02-1956
Josi;Gilmore;5610789-4;11-05-1955
Joya;Robles;9045709-8;25-06-1958
Juieta;Dominguez;16947259-9;04-11-1959
Julianne;Hines;10030311-6;04-11-1958
Julita;Roy;13960965-4;07-10-1959
June;Schneider;9241049-8;06-08-1951
Junette;Weaver;5202922-8;04-11-1952
Justinn;Sanchez;13488804-0;04-11-1956
Jyoti;Fuller;8633997-8;27-12-1950
Kacey;Shaffer;5932939-1;18-05-1952
Kaela;Powell;7645654-2;15-01-1950
Kai;Holder;6914718-6;27-06-1951
Kailey;Mcleod;2866110-K;05-08-1951
Kala;Santana;19147662-K;03-06-1959
Kalie;Yang;15601328-5;07-01-1957
Kalli;Dalton;5156250-K;20-11-1959
Kamilah;Pearson;10901786-8;11-07-1958
Kandy;Garrido;18241141-8;26-05-1956
Karena;Patton;4787345-2;04-10-1950
Kari;Salazar;16733975-1;07-01-1958
Karia;Harding;12584433-2;23-06-1959
Karin;Jones;15159930-3;01-08-1954
Kariotta;Martínez;16027096-9;17-05-1953
Karisa;Lopez;19081327-4;06-12-1953
Karla;Johnston;3101622-3;19-08-1954
Karlee;Duncan;19089641-2;20-04-1953
Karlene;Walters;1618852-2;15-05-1957
Karlyn;Daniels;1513071-7;11-07-1951
Karola;Benítez;12988914-4;05-02-1951
Karolina;Pitts;5720090-1;22-08-1951
Karoline;Gates;11618585-7;15-10-1954
Karoly;Vinson;11848037-6;07-04-1957
Karrah;Fernández;5294527-5;16-10-1952
Karyl;Ortiz;5748179-K;23-02-1956
Kassandra;Hicks;15637810-0;01-08-1954
Kassi;Howe;12614631-0;08-09-1951
Kassia;Rollins;13670141-K;27-01-1953
Kata;Douglas;11698626-4;24-09-1959
Katalin;Jones;4133503-3;06-04-1953
Kate;Ross;12372144-6;12-05-1956
Katerine;Navarro;9146868-9;09-04-1952
Kath;Clements;6067211-3;18-12-1950
Katharina;Christensen;19060185-4;25-07-1953
Katharine;Rodriguez;6354592-9;23-04-1952
Katherina;Colon;16183856-K;01-05-1955
Kathi;Bell;11236967-8;06-12-1956
Katrinka;Castillo;19773520-1;11-09-1953
Katya;Cote;17638471-9;13-01-1959
Kaylee;Johnson;4243110-9;01-05-1955
Keeley;Cervantes;6723423-5;14-03-1958
Keely;Mullen;15852944-0;01-08-1952
Kelci;Figueroa;15414974-0;04-05-1956
Kelcy;Moya;16479389-3;01-03-1952
Kellia;Olsen;13694702-8;07-02-1958
Kellina;Mills;3708443-3;26-02-1950
Kelly;Christian;16976607-K;03-08-1958
Keri;Williamson;13657621-6;17-11-1951
Kerrin;Shannon;9422730-5;01-02-1958
Kerstin;Cervantes;11214837-K;20-06-1958
Kevyn;Vidal;9352260-5;10-03-1957
Kim;Mayer;8991332-2;13-12-1956
Kimbra;Cortez;19878603-9;21-06-1955
Kimmi;Flowers;14646119-0;14-04-1955
Kimmie;Savage;6505166-4;06-04-1954
Kip;Lozano;8992172-4;16-09-1953
Kirsti;Rocha;18398573-6;06-04-1954
Kit;Clayton;16321216-1;06-07-1953
Kizzee;Stephens;11932391-6;25-06-1958
Kizzie;Conley;11462646-5;18-12-1955
Klara;Carrasco;4766038-6;27-02-1950
Kora;Delacruz;11080217-K;28-11-1958
Koralle;Huffman;9333490-6;18-02-1959
Kore;Horton;3305623-0;06-08-1952
Koressa;Rowe;19918996-4;22-08-1954
Krissie;Anderson;17667748-1;24-11-1952
Kriste;Gómez;8656479-3;22-05-1958
Kristien;Callahan;5815415-6;27-12-1952
Kristin;Macias;2317708-0;03-06-1953
Kristy;Mccoy;8851863-2;10-06-1959
Kyla;England;14986410-5;27-12-1953
Kylen;Carrillo;2765625-0;08-04-1957
Kylila;Cotton;16255196-5;26-03-1953
Lacee;Sánchez;4398049-1;21-10-1956
Lacey;Holcomb;11640848-1;19-11-1958
Laetitia;Lopez;10007669-1;02-07-1958
Laina;Cantrell;12573378-6;16-09-1959
Lanette;Chang;10029230-0;18-05-1951
Lanna;Wade;2325198-1;24-10-1950
Latashia;Nolan;11953820-3;22-02-1957
Latia;Gilliam;10503443-1;11-08-1951
Laura;Martínez;10398118-2;07-04-1950
Lauryn;Galloway;9322454-K;14-11-1952
Laverne;Barrera;3384730-0;01-05-1951
Lavina;Blair;19036203-5;07-12-1950
Layne;Valentine;7016831-6;10-11-1953
Leanna;Lawson;18635104-5;06-01-1953
Leanor;Black;10732476-3;08-02-1955
Leanora;Hatfield;2027547-2;11-12-1953
Legra;Arias;7410500-9;15-11-1958
Leigha;Grant;17186312-0;14-02-1950
Lelah;Kennedy;17643458-9;14-05-1956
Leland;Jackson;15276810-9;24-05-1950
Leodora;Emerson;10104960-4;27-02-1958
Leoine;Cantrell;12572055-2;14-03-1955
Leonie;Guy;10882938-9;21-08-1950
Leshia;Ramírez;1005377-3;24-08-1956
Letisha;Patel;19652841-5;21-11-1950
Lexie;Terry;7414970-7;04-07-1956
Liana;Espinoza;2868086-4;20-10-1957
Libbey;Nicholson;6382895-5;11-10-1956
Lilas;Carter;13819336-5;27-01-1955
Lilias;Mccullough;12377158-3;15-09-1953
Lilith;Witt;1146684-2;14-06-1955
Lilyan;Stephens;8935919-8;03-04-1959
Lin;Sims;13872859-5;16-01-1957
Lindsay;Ballard;7628297-8;12-09-1955
Linet;Castillo;9459103-1;20-02-1950
Linette;Dunlap;18841982-8;03-04-1959
Lisabeth;Carr;4356378-5;01-09-1954
Lise;Rich;18888403-2;02-02-1956
Lisetta;Bean;17095429-7;21-04-1954
Lisette;Stevens;10846942-0;13-05-1956
Lisha;Finley;11396221-6;28-01-1953
Lishe;Gilliam;4918841-2;25-03-1958
Liv;Anthony;2168395-7;07-04-1959
Lizabeth;Flores;16304198-7;25-02-1951
Lizbeth;Mckinney;19020684-K;15-03-1957
Lizette;Nelson;15808707-3;21-04-1957
Lois;Mcknight;1803243-0;16-05-1950
Lola;Stephenson;2199067-1;28-12-1958
Loleta;Winters;3091967-K;19-06-1958
Lolita;Singleton;9022974-5;18-12-1954
Lolly;Young;12420278-7;03-06-1954
Lora;Guzman;7769882-5;25-09-1956
Lorenza;Deleon;14555470-5;01-02-1953
Lori;Lozano;11421388-8;18-11-1952
Lotte;Gallardo;14557226-6;10-01-1958
Louisa;Mathis;18224923-8;04-12-1956
Loutitia;Carlson;19526190-3;19-05-1955
Lucila;Cunningham;3923087-9;01-02-1953
Lucretia;Gallego;5369462-4;11-04-1957
Lusa;Gates;3904770-5;26-10-1958
Lyda;Barron;2496765-4;01-02-1956
Lydia;Zamora;11182467-3;26-04-1959
Lyndel;Flowers;15827989-4;12-06-1955
Lyndsay;Manning;16543696-2;22-12-1950
Lynea;Ibáñez;18183578-8;03-07-1951
Lynna;Blackburn;5550225-0;15-01-1957
Lynnett;Pruitt;1409524-1;09-01-1957
Mab;Weeks;9221184-3;11-01-1951
Mada;Walls;14488291-1;13-10-1959
Madeleine;Parsons;17279111-5;20-06-1950
Madelina;Price;1986184-8;04-01-1959
Madelle;Blackwell;4503587-5;19-12-1954
Maighdiln;Webster;15164809-6;15-08-1955
Mair;Joyce;17690250-7;07-03-1953
Malinde;Avery;5545623-2;20-11-1950
Malissia;Morris;13646851-0;02-01-1954
Malorie;Leblanc;15788058-6;26-09-1951
Malynda;Travis;11844396-9;16-12-1957
Mame;Farrell;16989151-6;07-09-1959
Manon;Nolan;2711135-1;13-03-1957
Marcia;Mullins;4227381-3;28-04-1952
Marcille;Potts;17183503-8;02-05-1950
Margarete;Roy;10360205-K;04-08-1957
Margaux;Fletcher;18920347-0;04-10-1957
Margie;Benson;8065811-7;07-12-1951
Margit;Mendez;19085768-9;03-11-1954
Margy;Cano;16713667-2;18-12-1957
Mari;Foley;14385279-2;08-06-1958
Maria;Brewer;10365133-6;06-01-1959
Mariann;Mejia;7781556-2;21-04-1956
Maridel;Tyler;8821609-1;09-08-1953
Marieann;Cash;3348916-1;02-05-1958
Marielle;Snow;14045574-1;21-01-1953
Marina;Sánchez;18218974-K;14-12-1955
Marinna;Hamilton;13528746-6;20-01-1954
Mariquilla;Brennan;7728401-K;16-11-1959
Maris;Duffy;3288073-8;14-03-1952
Marja;Esteban;17459066-4;13-11-1955
Marje;Rios;6670063-1;05-06-1951
Marjy;Cooley;9168035-1;19-08-1958
Marketa;Bruce;15970539-0;03-11-1956
Marlene;William;14251425-7;18-12-1954
Marrilee;Torres;16231746-6;22-08-1953
Marrissa;Curtis;13610448-9;12-09-1959
Marta;Butler;18545365-0;04-01-1953
Marthe;Velasco;17136931-2;05-09-1951
Marti;Kinney;19633116-6;26-01-1954
Martie;Jarvis;11706524-3;12-08-1950
Mary;Wiggins;3105050-2;25-07-1958
Marylee;Wynn;12484460-6;23-11-1959
Masha;Anderson;5610160-8;03-03-1958
Matti;Cunningham;7646449-9;21-02-1955
Maurene;Dunn;13374361-8;22-09-1951
Mavra;Price;15972497-2;15-02-1953
Maybelle;Carroll;7980557-2;04-06-1957
Megen;Byrd;6079495-2;16-09-1955
Meghan;Jefferson;15179778-4;14-04-1955
Mel;Cameron;16287621-K;13-08-1952
Melania;Chapman;14381981-7;12-06-1952
Melanie;Crespo;16145519-9;28-02-1953
Melicent;Méndez;9970604-K;03-10-1957
Melinde;Tyler;1125814-K;01-02-1954
Melissa;Baker;11743000-6;10-11-1953
Melodie;Daugherty;1716384-1;26-01-1959
Merrie;Floyd;19478973-4;05-10-1950
Merrill;Johns;10736858-2;05-02-1956
Meryl;Kelley;18861758-1;12-04-1952
Michaeline;Vázquez;11300186-0;24-11-1955
Michaella;Dunn;17268767-9;16-08-1953
Michal;Herrera;2905261-1;13-12-1951
Micky;Gregory;7222939-8;25-08-1954
Miguela;Montoro;5337475-1;06-11-1957
Milicent;Mcleod;16315919-8;06-07-1950
Millicent;Romero;2339845-1;25-05-1955
Min;Vincent;16820963-0;25-08-1956
Minda;Miranda;13629123-8;22-06-1952
Minerva;Hendrix;8079336-7;15-11-1957
Minetta;Decker;1488167-0;26-03-1951
Minna;Dejesus;3709826-4;11-08-1954
Minny;Morton;12291702-9;08-10-1951
Mirabel;Peterson;6245526-8;19-01-1951
Mirabella;Parrish;4069042-5;22-09-1956
Miran;Velasquez;17855377-1;19-05-1956
Mitzi;Romero;3464816-6;21-12-1958
Modesta;Guzman;15646520-8;02-04-1959
Modesty;Roy;16974238-3;27-10-1950
Moll;Potter;3255181-5;28-07-1952
Monique;Briggs;9975460-5;16-09-1954
Mora;Stein;8587797-6;22-12-1956
Moreen;Pearson;13211224-K;15-12-1959
Morganica;Caballero;2950820-8;21-05-1956
Morganne;Huff;5873728-3;03-08-1950
Moselle;Weaver;10579561-0;04-11-1957
Moyra;Medina;2728988-6;02-09-1954
Myrna;Ellis;13973532-3;19-04-1953
Nada;French;9705698-6;06-06-1952
Nady;Velez;3281698-3;10-05-1956
Nadya;James;6373408-K;26-08-1950
Nananne;Bond;1436384-K;15-05-1958
Nancey;Blair;10019338-8;11-11-1957
Nanice;Woods;5085788-3;27-09-1951
Nanine;Soto;16031633-0;19-05-1956
Nannie;Griffin;17919969-6;12-01-1954
Nara;Mclean;1151050-7;02-09-1957
Nari;Mccarty;12815513-9;26-07-1955
Nataline;Lyons;6918980-6;06-05-1959
Nathalia;Casey;1463873-3;06-03-1958
Neala;Moore;18659090-2;18-03-1954
Neille;Tyler;13236765-5;06-12-1957
Nelia;Cash;17758888-1;03-04-1952
Nelly;Holloway;7616086-4;20-06-1959
Nert;Diaz;3276753-2;07-08-1954
Nerty;Monroe;19228871-1;01-02-1954
Netta;Gibson;1111196-3;15-04-1958
Netti;Hubbard;11070489-5;13-01-1957
Nicola;Valdez;2566411-6;24-10-1956
Nicolina;Ray;14071535-2;28-10-1958
Nikoletta;Christensen;13276787-4;08-05-1951
Noelani;Hurley;12345903-2;22-10-1959
Noelyn;Cash;2003577-3;03-06-1955
Noni;Blanchard;14708764-0;09-05-1957
Norene;Mason;14465363-7;03-06-1958
Norine;Kane;12582502-8;16-09-1954
Nyssa;Randall;15296128-6;02-06-1954
Olia;Sears;10567477-5;03-02-1952
Olly;Morton;14854550-2;02-04-1956
Olympia;Cunningham;16739346-2;14-08-1959
Orelia;Willis;10624023-K;20-11-1952
Othella;Cash;6183503-2;07-01-1955
Pamelina;Byers;11790673-6;06-05-1951
Paola;Peters;4217898-5;26-04-1957
Patrice;Wilkerson;17459289-6;22-09-1957
Pattie;Bray;6929905-9;27-09-1950
Paulette;Swanson;9265983-6;17-09-1959
Pauli;Lynn;12546538-2;27-06-1958
Peg;Bass;4649639-6;16-08-1957
Penelope;Delaney;14333215-2;02-10-1950
Pepita;Mason;5201186-8;01-01-1950
Peria;Anderson;17172475-9;23-12-1958
Perle;Jimenez;17647115-8;19-09-1959
Persis;Vega;10366002-5;25-08-1957
Petra;Patterson;10672797-K;10-08-1954
Petronia;Lambert;4069278-9;15-06-1954
Phaedra;Cantu;17108814-3;14-07-1954
Phaidra;Hahn;18542625-4;15-06-1956
Phedra;Bridges;12986906-2;14-12-1954
Phelia;Oneal;19625824-8;23-01-1951
Philipa;Montero;17912267-7;20-12-1950
Phillis;Dominguez;13498174-1;20-03-1951
Philly;Barrett;10461664-K;28-03-1955
Piper;Leonard;8280227-4;14-03-1953
Polly;Carver;3689018-5;27-08-1959
Pollyanna;Lyons;19631756-2;10-06-1951
Portia;Chandler;11719431-0;21-01-1959
Prudy;Bailey;19142571-5;01-05-1950
Queenie;Moreno;1162605-K;04-12-1957
Querida;Albert;9860341-7;12-07-1951
Quintana;Stephenson;11049957-4;16-07-1957
Rafaelia;Woods;5435599-8;07-09-1951
Rafaelita;Gray;15642626-1;03-06-1950
Raine;Hanson;14653798-7;27-07-1955
Ramonda;Bradshaw;9820795-3;09-04-1958
Randee;Chan;14989014-9;28-08-1951
Randene;Wiggins;19312316-3;20-02-1953
Randie;Bradford;8561632-3;16-06-1951
Ranee;Luna;19543568-5;28-02-1959
Ranique;Olson;4982782-2;04-04-1953
Raychel;Rodriquez;7290787-6;12-11-1951
Raye;Hester;4817092-7;03-04-1952
Rebe;Robles;13473960-6;02-11-1952
Rebecca;Dillon;13947576-3;04-02-1951
Rebekah;Downs;15515537-K;19-12-1959
Reggi;Chase;5120719-K;12-04-1957
Remy;Ballard;10303490-6;02-02-1959
Renae;Downs;16696359-1;28-12-1952
Renell;Acosta;17009228-7;18-04-1951
Rhianna;Reyes;14190217-2;25-08-1956
Rhianon;Hart;18362957-3;25-03-1953
Rhoda;Mcdaniel;5510009-8;24-11-1956
Rhody;Paul;16347929-K;21-03-1956
Rhona;Sharp;5092093-3;27-01-1959
Ricki;Ford;5384685-8;04-10-1951
Rikki;Hobbs;12141374-4;23-11-1954
Rita;Anthony;13065899-7;17-09-1959
Rivkah;Mcbride;3646654-5;17-12-1950
Robbi;Gamble;13285059-3;28-11-1956
Robin;Park;7052119-9;15-09-1952
Robinett;Wilkins;19861353-3;03-02-1955
Robinetta;Jackson;19090534-9;26-03-1952
Robyn;Byrd;8846812-0;20-05-1953
Roch;Stevenson;10877741-9;19-10-1954
Rochell;Cortez;12141366-3;21-05-1953
Rochette;Shields;3449482-7;26-07-1951
Rodina;Herrera;7033232-9;18-11-1951
Rorie;Bates;1173167-8;07-02-1953
Ros;Gallego;6063506-4;20-08-1953
Rosalinde;Berg;3124624-5;13-10-1955
Rosalynd;Garrido;7555138-K;08-06-1958
Rosella;Case;16061927-9;25-12-1955
Rosemarie;Cameron;2673002-3;17-07-1951
Rosemonde;Coleman;14160675-1;24-11-1958
Rosie;Odom;6272852-3;03-02-1953
Rosita;Vega;12320262-7;19-08-1955
Roslyn;Joyce;12459364-6;03-07-1953
Rosmunda;Klein;5172437-2;18-10-1954
Rosy;Bell;11193885-7;02-11-1953
Roxana;Perkins;10577053-7;03-09-1958
Roxi;Pope;7011995-1;28-10-1959
Rozalie;Raymond;19895521-3;09-01-1955
Roze;Melendez;4705823-6;04-09-1953
Rubetta;Orr;8023403-1;03-01-1959
Rubi;Whitaker;19173741-5;16-02-1954
Ruthe;Simon;9167460-2;14-01-1956
Ruthy;Owen;2875695-K;13-07-1954
Ryann;Spencer;14260933-9;07-11-1950
Saba;Koch;8385759-5;05-09-1956
Sacha;Gardner;11100272-K;03-02-1956
Sadie;Norman;4699853-7;10-06-1956
Sadye;Holmes;16423459-2;08-06-1958
Sal;Avery;16051721-2;07-12-1956
Salaidh;Cleveland;13571707-K;15-10-1951
Samantha;Fletcher;17660944-3;04-05-1952
Sapphira;Bailey;17395122-1;13-07-1950
Sarajane;Davidson;6607951-1;26-06-1959
Sarita;Marín;16504351-0;10-11-1951
Scarlet;Patrick;9640343-7;18-04-1953
Selena;Jensen;1335210-0;19-02-1950
Selinda;Hess;6494077-5;12-03-1954
Sena;Cline;10645771-9;11-09-1955
Serena;Mcintosh;18246273-K;15-05-1954
Shae;Burnett;6443350-4;11-01-1954
Shaina;Quinn;17001597-5;15-09-1954
Shandee;Kramer;8179177-5;06-06-1951
Shandie;Pollard;14363349-7;07-12-1957
Shannon;Hernández;17546062-4;02-01-1959
Sharlene;Murphy;5134424-3;04-08-1959
Sharron;Cooley;7067079-8;13-08-1959
Shaun;Boyle;14351163-4;15-04-1955
Shayla;Blackburn;19986627-3;05-04-1954
Shaylah;Blake;16820927-4;20-08-1950
Sheena;Finley;6089954-1;24-04-1952
SheilaKathryn;Pena;14467901-6;07-07-1951
Shel;Crosby;6801947-8;22-02-1956
Shela;Ford;2439748-3;17-12-1951
Shelba;Cooley;15179246-4;26-11-1958
Shelbi;Petersen;10138713-5;14-09-1950
Shelby;Buck;1092348-4;06-04-1951
Shelia;Duke;9732476-K;28-04-1956
Shellie;Foley;16105628-6;05-08-1957
Sherill;Schneider;8975999-4;21-09-1950
Sherrie;Herrero;6827292-0;06-08-1955
Shoshanna;Watts;18024805-6;19-08-1958
Sibeal;Cobb;17079794-9;01-08-1959
Sibley;Hurley;14102438-8;08-09-1958
Silvia;Sutton;2945199-0;25-05-1959
Simona;Robbins;17697617-9;13-09-1959
Simonne;Cabrera;15152686-1;02-12-1957
Sofie;Guthrie;16226910-0;14-10-1953
Sonja;Avery;14833345-9;27-06-1950
Sonny;Riley;16266016-0;09-06-1955
Sophey;Bowers;4257486-4;01-03-1956
Sophia;Anderson;2514188-1;10-06-1959
Sosanna;Simon;13133750-7;03-03-1958
Stacy;Mullins;7813555-7;02-05-1955
Stefanie;Bonner;3783478-5;10-08-1952
Stoddard;González;4421469-5;20-03-1958
Susan;Sellers;2085309-3;26-10-1955
Suzanna;Gordon;13464360-9;05-12-1951
Sybil;Curry;17909893-8;08-12-1954
Sydel;Oneil;4390418-3;03-02-1959
Tallulah;Owens;17905185-0;07-09-1955
Tammara;Torres;4040909-2;13-10-1956
Tanitansy;Noble;10768270-8;06-01-1951
Tanya;Spencer;4901298-5;27-12-1956
Tarah;Glenn;18197855-4;21-06-1952
Tatiania;Austin;17287838-5;08-02-1955
Ted;Mullen;7920061-1;23-04-1955
Tedda;Greene;8600453-4;05-02-1958
Tedi;Kirk;13121058-2;28-03-1955
Tera;Cantrell;17860539-9;03-09-1957
Terza;Mooney;5727457-3;18-05-1958
Thea;Hayden;11606793-5;16-04-1955
Theresa;Stafford;15800376-7;25-01-1956
Therese;Sanz;7259880-6;22-08-1955
Thomasine;Curry;15289963-7;04-08-1950
Tierney;Wilder;5437129-2;14-06-1950
Tiff;Sherman;19999076-4;01-03-1959
Tiffanie;Hewitt;16188664-5;07-08-1956
Toma;Watts;12829889-4;22-09-1953
Tomi;Chen;1005098-7;08-10-1959
Tonya;Barrett;16407963-5;01-09-1953
Tove;Shannon;12829375-2;09-11-1951
Tracee;Reyes;12565362-6;12-08-1954
Tracey;Villarreal;2992158-K;27-11-1955
Traci;Winters;18668590-3;18-08-1958
Tricia;Shepard;17488367-K;07-02-1953
Trina;Hodges;11749715-1;24-09-1957
Trisha;Hernández;8247935-K;07-10-1958
Trudy;Davis;5950280-8;25-04-1956
Trula;Grimes;2146484-8;06-04-1958
Twila;Mcfarland;3274728-0;09-06-1959
Twyla;Todd;4532479-6;18-12-1952
Ulrika;Crespo;13034295-7;22-02-1950
Ursa;Vinson;17146913-9;08-01-1957
Ursala;Conley;5226073-6;06-09-1953
Valaria;Lynch;4624259-9;23-03-1953
Valentine;Mcintosh;15740522-5;20-05-1953
Valerie;Walton;2495209-6;07-03-1952
Valina;Luna;17458237-8;10-07-1956
Valli;Mcintosh;18757371-8;14-11-1958
Vallie;Boyer;16431339-5;02-11-1951
Valma;Hahn;17872586-6;01-06-1950
Vere;Griffith;5065605-5;02-11-1955
Verna;Schwartz;18035248-1;28-01-1958
Vevay;Floyd;3485104-2;15-03-1953
Vicky;Campos;17623598-5;22-03-1953
Vikky;Irwin;11021882-6;14-02-1955
Vina;Gómez;13037627-4;19-05-1955
Viola;Love;8965619-2;03-04-1953
Virgie;Simpson;2935340-9;14-04-1954
Virgina;Murray;9931812-0;02-06-1959
Vitia;Benítez;8082020-8;27-11-1955
Viv;Rice;10712862-K;12-05-1951
Vivian;Hoover;9612875-4;26-03-1955
Vivie;Doyle;19031808-7;23-03-1958
Vivien;Ratliff;4260396-1;18-04-1950
Waly;Giles;19387106-2;25-12-1955
Wendie;Bonner;16136406-1;24-05-1957
Wendy;Morales;10375296-5;22-08-1953
Wilhelmina;Myers;5187501-K;04-12-1951
Willetta;Mccarthy;7053982-9;08-11-1952
Willie;Nelson;8462974-K;11-12-1953
Willow;Cook;8119970-1;10-06-1955
Willyt;Kirk;6240349-7;25-03-1958
Wilma;Bravo;15991244-2;25-10-1958
Wilow;Lorenzo;19979527-9;01-02-1956
Winnah;Lewis;14432184-7;12-02-1950
Winne;Cabrera;3208267-K;25-08-1955
Winnie;Mcneil;12597330-2;27-06-1953
Winona;Cortez;7688570-2;06-02-1958
Wrennie;Kelly;15159862-5;26-04-1959
Wylma;Díez;10463823-6;06-03-1958
Xaviera;Cook;15390348-4;02-04-1955
Xena;Lang;5528739-2;23-01-1954
Yettie;Huffman;13769421-2;03-08-1958
Ynez;Jones;18034480-2;15-12-1957
Yolanda;Schneider;19681026-9;25-05-1959
Yolane;Sherman;13071195-2;25-08-1957
Zaneta;Morrison;10729654-9;11-09-1952
Zia;Ramirez;4453201-8;13-12-1950
Zoe;Román;16133206-2;22-10-1959
Zonnya;Mcpherson;3219466-4;03-02-1950